transaction_id,date,customer_id,product,quantity,unit_price,total,region
TXN-00001,2025-05-11,CUST-3597,Gadget X,3,236.17,708.51,South
TXN-00002,2025-11-22,CUST-1158,Gadget Y,23,423.45,9739.35,North
TXN-00003,2025-01-19,CUST-2472,Widget A,44,98.82,4348.08,Central
TXN-00004,2025-10-21,CUST-4159,Gadget X,19,312.82,5943.58,West
TXN-00005,2025-01-26,CUST-3062,Gadget Y,7,383.45,2684.15,South
TXN-00006,2025-12-28,CUST-7358,Widget A,33,322.35,10637.55,South
TXN-00007,2025-07-17,CUST-5259,Widget B,9,207.3,1865.7,South
TXN-00008,2025-09-18,CUST-6187,Subscription,9,266.6,2399.4,East
TXN-00009,2025-01-29,CUST-2381,Service Plan,16,349.42,5590.72,North
TXN-00010,2025-03-29,CUST-7519,Gadget X,3,97.41,292.23,Central
TXN-00011,2025-05-07,CUST-4523,Gadget X,25,369.08,9227.0,Central
TXN-00012,2025-05-05,CUST-7680,Gadget X,14,261.49,3660.86,Central
TXN-00013,2025-05-08,CUST-7514,Widget A,37,151.77,5615.49,South
TXN-00014,2025-04-02,CUST-9536,Gadget X,43,356.08,15311.44,South
TXN-00015,2025-07-05,CUST-6698,Widget B,19,439.46,8349.74,Central
TXN-00016,2025-01-14,CUST-9635,Gadget Y,49,455.38,22313.62,South
TXN-00017,2025-05-25,CUST-5786,Gadget X,49,37.16,1820.84,South
TXN-00018,2025-05-10,CUST-4869,Service Plan,35,222.23,7778.05,West
TXN-00019,2025-11-02,CUST-8127,Widget A,37,110.58,4091.46,West
TXN-00020,2025-05-16,CUST-9673,Widget A,11,457.11,5028.21,West
TXN-00021,2025-06-06,CUST-8573,Widget A,43,61.81,2657.83,North
TXN-00022,2025-08-15,CUST-5783,Widget B,25,120.81,3020.25,South
TXN-00023,2025-06-22,CUST-5210,Service Plan,9,483.0,4347.0,South
TXN-00024,2025-02-21,CUST-3378,Service Plan,31,374.33,11604.23,West
TXN-00025,2025-10-27,CUST-1302,Widget A,44,463.46,20392.24,East
TXN-00026,2025-07-08,CUST-8256,Service Plan,25,473.12,11828.0,West
TXN-00027,2025-04-04,CUST-1744,Subscription,29,440.03,12760.87,Central
TXN-00028,2025-11-21,CUST-6472,Gadget Y,38,428.17,16270.46,West
TXN-00029,2025-12-13,CUST-1866,Widget A,40,222.19,8887.6,North
TXN-00030,2025-06-01,CUST-5385,Subscription,42,158.02,6636.84,Central
TXN-00031,2025-01-09,CUST-2920,Widget B,27,479.68,12951.36,West
TXN-00032,2025-03-26,CUST-9159,Widget A,18,234.33,4217.94,East
TXN-00033,2025-01-01,CUST-6865,Subscription,5,241.33,1206.65,West
TXN-00034,2025-09-05,CUST-9941,Widget A,2,26.1,52.2,North
TXN-00035,2025-05-25,CUST-5040,Subscription,19,44.74,850.06,West
TXN-00036,2025-06-11,CUST-4376,Widget A,18,298.54,5373.72,South
TXN-00037,2025-08-31,CUST-3210,Subscription,2,128.41,256.82,Central
TXN-00038,2025-09-26,CUST-5452,Subscription,48,461.3,22142.4,North
TXN-00039,2025-03-20,CUST-5337,Widget B,42,218.58,9180.36,South
TXN-00040,2025-04-16,CUST-5565,Subscription,25,489.38,12234.5,Central
TXN-00041,2025-06-22,CUST-5239,Service Plan,25,305.8,7645.0,North
TXN-00042,2025-02-27,CUST-6736,Gadget Y,38,468.89,17817.82,West
TXN-00043,2025-12-16,CUST-2655,Widget A,5,182.94,914.7,South
TXN-00044,2025-04-02,CUST-8012,Gadget X,36,490.78,17668.08,North
TXN-00045,2025-05-10,CUST-9240,Widget B,2,287.14,574.28,West
TXN-00046,2025-05-12,CUST-2726,Widget A,31,249.89,7746.59,East
TXN-00047,2025-01-29,CUST-3310,Gadget Y,33,50.55,1668.15,North
TXN-00048,2025-09-04,CUST-1075,Subscription,29,210.39,6101.31,South
TXN-00049,2025-10-19,CUST-2012,Widget B,5,264.89,1324.45,East
TXN-00050,2025-09-22,CUST-1515,Gadget X,31,146.32,4535.92,South
TXN-00051,2025-10-29,CUST-9822,Widget A,31,280.98,8710.38,South
TXN-00052,2025-12-09,CUST-1993,Widget B,22,217.99,4795.78,South
TXN-00053,2025-08-13,CUST-2007,Widget B,14,498.0,6972.0,North
TXN-00054,2025-10-05,CUST-5629,Widget B,41,255.89,10491.49,South
TXN-00055,2025-04-18,CUST-7346,Gadget Y,26,195.47,5082.22,North
TXN-00056,2025-10-16,CUST-4724,Gadget X,35,152.3,5330.5,North
TXN-00057,2025-06-14,CUST-5929,Widget B,14,447.42,6263.88,North
TXN-00058,2025-09-25,CUST-3967,Widget B,41,459.18,18826.38,East
TXN-00059,2025-01-11,CUST-9738,Gadget Y,42,341.94,14361.48,East
TXN-00060,2025-03-07,CUST-6408,Gadget X,17,353.16,6003.72,West
TXN-00061,2025-04-13,CUST-2245,Gadget Y,39,262.1,10221.9,East
TXN-00062,2025-04-21,CUST-3306,Gadget Y,21,486.02,10206.42,East
TXN-00063,2025-02-17,CUST-4687,Gadget Y,30,287.47,8624.1,West
TXN-00064,2025-05-26,CUST-7800,Gadget Y,30,281.73,8451.9,Central
TXN-00065,2025-10-28,CUST-7866,Service Plan,22,356.96,7853.12,Central
TXN-00066,2025-04-19,CUST-6918,Gadget Y,46,134.17,6171.82,East
TXN-00067,2025-03-07,CUST-2753,Subscription,8,221.26,1770.08,South
TXN-00068,2025-03-11,CUST-5417,Widget B,31,91.46,2835.26,West
TXN-00069,2025-03-23,CUST-6376,Widget A,11,337.79,3715.69,East
TXN-00070,2025-01-27,CUST-8934,Subscription,23,323.21,7433.83,East
TXN-00071,2025-08-28,CUST-7112,Widget A,23,489.77,11264.71,North
TXN-00072,2025-01-28,CUST-6020,Subscription,9,58.47,526.23,West
TXN-00073,2025-05-17,CUST-5380,Subscription,9,278.66,2507.94,South
TXN-00074,2025-01-20,CUST-7790,Gadget Y,26,429.14,11157.64,North
TXN-00075,2025-11-03,CUST-7777,Subscription,35,386.88,13540.8,South
TXN-00076,2025-10-09,CUST-5836,Subscription,48,366.03,17569.44,South
TXN-00077,2025-10-30,CUST-4496,Gadget Y,26,443.57,11532.82,East
TXN-00078,2025-05-06,CUST-5657,Service Plan,42,40.19,1687.98,South
TXN-00079,2025-04-01,CUST-8083,Gadget Y,30,241.83,7254.9,South
TXN-00080,2025-03-19,CUST-3631,Service Plan,21,450.15,9453.15,South
TXN-00081,2025-07-16,CUST-3955,Widget B,22,149.08,3279.76,West
TXN-00082,2025-10-01,CUST-2887,Gadget Y,48,384.41,18451.68,North
TXN-00083,2025-08-23,CUST-2729,Service Plan,5,254.88,1274.4,South
TXN-00084,2025-10-08,CUST-4433,Widget B,4,250.27,1001.08,West
TXN-00085,2025-12-16,CUST-2371,Gadget X,4,36.7,146.8,Central
TXN-00086,2025-03-16,CUST-4128,Service Plan,44,405.85,17857.4,South
TXN-00087,2025-10-17,CUST-4822,Widget B,24,112.21,2693.04,Central
TXN-00088,2025-01-22,CUST-9030,Subscription,2,430.01,860.02,Central
TXN-00089,2025-06-04,CUST-1940,Gadget X,31,169.71,5261.01,East
TXN-00090,2025-08-26,CUST-6666,Widget A,26,403.43,10489.18,Central
TXN-00091,2025-03-16,CUST-3015,Widget A,14,44.05,616.7,East
TXN-00092,2025-01-22,CUST-2006,Service Plan,49,378.84,18563.16,South
TXN-00093,2025-07-29,CUST-8777,Widget B,19,361.62,6870.78,Central
TXN-00094,2025-04-06,CUST-1837,Widget B,17,56.22,955.74,East
TXN-00095,2025-10-09,CUST-2546,Widget B,31,383.39,11885.09,West
TXN-00096,2025-09-21,CUST-8294,Gadget Y,3,60.71,182.13,West
TXN-00097,2025-08-02,CUST-6323,Widget A,19,403.12,7659.28,South
TXN-00098,2025-12-20,CUST-5862,Widget A,26,252.38,6561.88,North
TXN-00099,2025-04-06,CUST-2582,Gadget Y,4,487.17,1948.68,East
TXN-00100,2025-07-08,CUST-8266,Subscription,45,488.14,21966.3,South
TXN-00101,2025-06-12,CUST-3901,Widget B,39,341.14,13304.46,West
TXN-00102,2025-12-07,CUST-1559,Widget A,3,175.13,525.39,Central
TXN-00103,2025-06-12,CUST-5750,Service Plan,26,438.64,11404.64,Central
TXN-00104,2025-12-23,CUST-5715,Widget A,31,57.28,1775.68,South
TXN-00105,2025-07-10,CUST-7859,Gadget X,36,275.89,9932.04,South
TXN-00106,2025-09-11,CUST-9143,Widget A,34,482.78,16414.52,North
TXN-00107,2025-02-12,CUST-1458,Gadget X,48,385.57,18507.36,South
TXN-00108,2025-05-19,CUST-2950,Widget A,30,339.9,10197.0,Central
TXN-00109,2025-07-01,CUST-2298,Widget B,23,322.6,7419.8,East
TXN-00110,2025-01-04,CUST-1299,Gadget X,16,271.76,4348.16,Central
TXN-00111,2025-08-04,CUST-9998,Service Plan,35,268.39,9393.65,North
TXN-00112,2025-12-09,CUST-7180,Widget B,36,440.58,15860.88,East
TXN-00113,2025-06-12,CUST-1867,Gadget X,11,139.87,1538.57,North
TXN-00114,2025-12-29,CUST-8232,Service Plan,19,497.91,9460.29,North
TXN-00115,2025-09-16,CUST-2183,Gadget Y,8,59.35,474.8,West
TXN-00116,2025-11-16,CUST-5610,Widget A,41,283.26,11613.66,South
TXN-00117,2025-05-14,CUST-6783,Gadget X,20,382.26,7645.2,North
TXN-00118,2025-07-10,CUST-2857,Gadget Y,41,204.03,8365.23,North
TXN-00119,2025-09-14,CUST-1049,Service Plan,3,460.89,1382.67,Central
TXN-00120,2025-03-02,CUST-8153,Widget B,15,201.4,3021.0,East
TXN-00121,2025-05-28,CUST-3834,Subscription,25,264.31,6607.75,Central
TXN-00122,2025-08-19,CUST-9016,Service Plan,22,216.99,4773.78,Central
TXN-00123,2025-12-30,CUST-3869,Widget B,45,414.36,18646.2,North
TXN-00124,2025-05-02,CUST-8379,Subscription,3,331.53,994.59,Central
TXN-00125,2025-06-19,CUST-4553,Widget A,11,221.13,2432.43,North
TXN-00126,2025-09-14,CUST-7280,Gadget X,36,465.69,16764.84,West
TXN-00127,2025-04-30,CUST-8924,Service Plan,12,208.51,2502.12,West
TXN-00128,2025-12-24,CUST-8513,Widget A,49,402.09,19702.41,Central
TXN-00129,2025-10-05,CUST-2245,Gadget Y,32,116.33,3722.56,West
TXN-00130,2025-01-31,CUST-3607,Widget B,30,224.17,6725.1,Central
TXN-00131,2025-01-04,CUST-3102,Gadget Y,11,431.37,4745.07,East
TXN-00132,2025-12-02,CUST-2823,Widget B,43,401.55,17266.65,Central
TXN-00133,2025-11-13,CUST-3793,Widget A,37,255.54,9454.98,North
TXN-00134,2025-01-25,CUST-3188,Subscription,36,140.63,5062.68,West
TXN-00135,2025-04-05,CUST-3284,Service Plan,50,160.81,8040.5,West
TXN-00136,2025-08-07,CUST-7053,Gadget Y,44,187.5,8250.0,South
TXN-00137,2025-04-09,CUST-2284,Widget B,27,18.37,495.99,Central
TXN-00138,2025-05-12,CUST-4896,Service Plan,23,422.3,9712.9,North
TXN-00139,2025-06-19,CUST-7046,Widget A,27,482.92,13038.84,Central
TXN-00140,2025-10-11,CUST-8472,Widget B,9,307.02,2763.18,East
TXN-00141,2025-01-16,CUST-6393,Gadget X,34,314.29,10685.86,North
TXN-00142,2025-10-20,CUST-3551,Widget A,40,179.67,7186.8,South
TXN-00143,2025-04-10,CUST-5971,Widget B,7,287.27,2010.89,North
TXN-00144,2025-05-09,CUST-4909,Widget A,34,387.83,13186.22,West
TXN-00145,2025-06-11,CUST-7958,Subscription,36,249.07,8966.52,North
TXN-00146,2025-06-06,CUST-5782,Widget A,49,410.16,20097.84,South
TXN-00147,2025-06-26,CUST-5069,Gadget Y,49,281.47,13792.03,South
TXN-00148,2025-01-26,CUST-2321,Widget A,29,489.69,14201.01,North
TXN-00149,2025-01-09,CUST-3438,Widget B,4,466.6,1866.4,Central
TXN-00150,2025-05-19,CUST-9848,Gadget Y,8,274.99,2199.92,North
TXN-00151,2025-01-02,CUST-1055,Widget B,8,439.39,3515.12,South
TXN-00152,2025-09-29,CUST-9519,Service Plan,14,236.32,3308.48,East
TXN-00153,2025-05-21,CUST-8183,Widget B,21,108.16,2271.36,North
TXN-00154,2025-11-11,CUST-1185,Service Plan,28,369.68,10351.04,South
TXN-00155,2025-10-15,CUST-2561,Widget B,32,330.99,10591.68,East
TXN-00156,2025-06-02,CUST-9175,Gadget X,3,65.06,195.18,North
TXN-00157,2025-09-23,CUST-8868,Widget A,21,383.85,8060.85,East
TXN-00158,2025-10-12,CUST-7788,Service Plan,29,40.2,1165.8,Central
TXN-00159,2025-12-15,CUST-9756,Service Plan,5,417.92,2089.6,West
TXN-00160,2025-03-25,CUST-6759,Gadget Y,14,110.38,1545.32,North
TXN-00161,2025-02-22,CUST-5220,Gadget X,21,464.26,9749.46,South
TXN-00162,2025-06-26,CUST-1696,Subscription,27,356.39,9622.53,West
TXN-00163,2025-04-16,CUST-6749,Gadget X,33,28.37,936.21,East
TXN-00164,2025-10-08,CUST-6355,Gadget X,6,87.19,523.14,North
TXN-00165,2025-04-21,CUST-9088,Widget B,45,363.77,16369.65,West
TXN-00166,2025-01-02,CUST-4603,Gadget Y,8,194.73,1557.84,West
TXN-00167,2025-01-29,CUST-2152,Subscription,48,387.38,18594.24,North
TXN-00168,2025-04-14,CUST-6913,Widget A,11,94.22,1036.42,Central
TXN-00169,2025-10-18,CUST-1940,Service Plan,36,185.87,6691.32,East
TXN-00170,2025-06-13,CUST-1045,Widget B,18,388.35,6990.3,South
TXN-00171,2025-05-27,CUST-8734,Widget A,36,32.79,1180.44,South
TXN-00172,2025-03-07,CUST-6725,Widget A,16,361.79,5788.64,West
TXN-00173,2025-10-24,CUST-7489,Subscription,38,300.64,11424.32,North
TXN-00174,2025-07-14,CUST-2680,Gadget Y,13,222.21,2888.73,North
TXN-00175,2025-01-16,CUST-8579,Widget B,14,120.36,1685.04,West
TXN-00176,2025-04-30,CUST-7020,Gadget X,49,347.17,17011.33,West
TXN-00177,2025-04-09,CUST-2509,Gadget X,16,495.6,7929.6,South
TXN-00178,2025-03-27,CUST-5087,Gadget X,40,194.86,7794.4,Central
TXN-00179,2025-10-02,CUST-7860,Widget A,29,247.72,7183.88,West
TXN-00180,2025-07-23,CUST-2298,Gadget X,29,222.77,6460.33,South
TXN-00181,2025-06-23,CUST-5566,Subscription,30,158.38,4751.4,South
TXN-00182,2025-10-10,CUST-6032,Gadget X,23,249.33,5734.59,Central
TXN-00183,2025-07-15,CUST-5475,Gadget Y,40,66.03,2641.2,Central
TXN-00184,2025-08-29,CUST-3205,Widget B,26,56.89,1479.14,West
TXN-00185,2025-02-09,CUST-6616,Subscription,25,316.63,7915.75,East
TXN-00186,2025-08-08,CUST-3293,Subscription,49,271.62,13309.38,East
TXN-00187,2025-07-03,CUST-6352,Gadget X,26,290.65,7556.9,West
TXN-00188,2025-10-25,CUST-1875,Gadget X,24,109.98,2639.52,West
TXN-00189,2025-10-30,CUST-2533,Widget A,27,159.99,4319.73,Central
TXN-00190,2025-02-15,CUST-3389,Widget A,42,83.98,3527.16,Central
TXN-00191,2025-05-17,CUST-6568,Subscription,22,406.32,8939.04,West
TXN-00192,2025-06-29,CUST-6829,Widget B,18,20.7,372.6,Central
TXN-00193,2025-07-24,CUST-2885,Widget B,24,15.38,369.12,East
TXN-00194,2025-08-25,CUST-2965,Service Plan,1,307.09,307.09,East
TXN-00195,2025-01-01,CUST-2082,Subscription,29,203.54,5902.66,South
TXN-00196,2025-02-09,CUST-1610,Widget A,37,364.26,13477.62,East
TXN-00197,2025-06-01,CUST-2035,Gadget Y,33,385.55,12723.15,South
TXN-00198,2025-04-15,CUST-3632,Subscription,25,330.23,8255.75,North
TXN-00199,2025-10-13,CUST-6771,Subscription,12,362.56,4350.72,North
TXN-00200,2025-06-12,CUST-2497,Service Plan,13,122.92,1597.96,Central
TXN-00201,2025-10-08,CUST-5007,Gadget Y,1,497.37,497.37,South
TXN-00202,2025-01-16,CUST-7559,Service Plan,47,312.78,14700.66,West
TXN-00203,2025-05-18,CUST-3985,Service Plan,10,277.73,2777.3,East
TXN-00204,2025-05-23,CUST-9780,Widget B,8,342.05,2736.4,Central
TXN-00205,2025-12-03,CUST-1846,Gadget X,3,186.17,558.51,North
TXN-00206,2025-10-10,CUST-8921,Gadget X,5,123.19,615.95,South
TXN-00207,2025-09-13,CUST-9262,Widget B,23,152.18,3500.14,North
TXN-00208,2025-12-16,CUST-8762,Gadget X,49,423.2,20736.8,North
TXN-00209,2025-06-17,CUST-4670,Gadget X,12,257.01,3084.12,North
TXN-00210,2025-05-25,CUST-4842,Widget B,44,393.49,17313.56,West
TXN-00211,2025-12-07,CUST-6330,Gadget X,1,499.37,499.37,Central
TXN-00212,2025-12-21,CUST-3312,Widget B,25,389.71,9742.75,West
TXN-00213,2025-04-15,CUST-4773,Service Plan,38,59.37,2256.06,North
TXN-00214,2025-05-21,CUST-7629,Gadget Y,21,160.36,3367.56,Central
TXN-00215,2025-02-23,CUST-4566,Gadget X,15,462.67,6940.05,West
TXN-00216,2025-09-15,CUST-2479,Service Plan,37,392.7,14529.9,East
TXN-00217,2025-10-04,CUST-6477,Widget B,23,267.33,6148.59,East
TXN-00218,2025-12-13,CUST-3399,Subscription,5,196.39,981.95,East
TXN-00219,2025-08-05,CUST-2888,Subscription,30,256.53,7695.9,West
TXN-00220,2025-05-16,CUST-6225,Service Plan,28,148.01,4144.28,West
TXN-00221,2025-06-23,CUST-1305,Widget B,1,236.89,236.89,West
TXN-00222,2025-04-13,CUST-5660,Gadget X,25,168.35,4208.75,Central
TXN-00223,2025-01-07,CUST-5240,Widget A,39,401.37,15653.43,South
TXN-00224,2025-01-22,CUST-5072,Widget B,39,355.99,13883.61,South
TXN-00225,2025-07-21,CUST-8653,Gadget X,50,376.13,18806.5,West
TXN-00226,2025-10-21,CUST-4024,Widget A,34,415.26,14118.84,West
TXN-00227,2025-03-17,CUST-7357,Gadget X,28,312.55,8751.4,West
TXN-00228,2025-10-21,CUST-5747,Widget B,26,449.02,11674.52,West
TXN-00229,2025-04-30,CUST-5232,Gadget Y,1,374.79,374.79,East
TXN-00230,2025-11-10,CUST-4589,Gadget X,46,269.69,12405.74,West
TXN-00231,2025-05-28,CUST-3368,Subscription,45,458.04,20611.8,North
TXN-00232,2025-10-10,CUST-4075,Gadget Y,36,189.63,6826.68,Central
TXN-00233,2025-03-22,CUST-2305,Service Plan,42,334.54,14050.68,Central
TXN-00234,2025-08-01,CUST-9370,Service Plan,7,172.17,1205.19,Central
TXN-00235,2025-08-10,CUST-3354,Gadget X,27,491.42,13268.34,West
TXN-00236,2025-08-30,CUST-7894,Widget A,14,19.95,279.3,South
TXN-00237,2025-09-16,CUST-4172,Widget A,34,322.32,10958.88,East
TXN-00238,2025-09-06,CUST-2578,Gadget X,50,195.92,9796.0,North
TXN-00239,2025-03-04,CUST-1206,Gadget X,45,280.64,12628.8,South
TXN-00240,2025-04-10,CUST-1970,Gadget X,17,284.85,4842.45,West
TXN-00241,2025-01-15,CUST-9738,Service Plan,49,275.25,13487.25,West
TXN-00242,2025-01-27,CUST-3921,Gadget X,29,265.31,7693.99,North
TXN-00243,2025-11-03,CUST-7628,Widget B,4,334.18,1336.72,Central
TXN-00244,2025-07-29,CUST-2016,Gadget Y,38,87.77,3335.26,West
TXN-00245,2025-07-19,CUST-9389,Service Plan,40,359.03,14361.2,East
TXN-00246,2025-02-04,CUST-7803,Widget B,32,142.28,4552.96,East
TXN-00247,2025-03-24,CUST-1036,Widget B,20,19.24,384.8,Central
TXN-00248,2025-08-21,CUST-4423,Subscription,47,449.74,21137.78,North
TXN-00249,2025-09-27,CUST-4221,Gadget Y,40,486.55,19462.0,East
TXN-00250,2025-11-25,CUST-7797,Widget A,28,90.59,2536.52,Central
TXN-00251,2025-09-07,CUST-3263,Subscription,2,270.46,540.92,South
TXN-00252,2025-08-03,CUST-6626,Subscription,27,295.71,7984.17,East
TXN-00253,2025-07-17,CUST-2609,Widget A,7,187.93,1315.51,South
TXN-00254,2025-12-09,CUST-7130,Service Plan,20,360.33,7206.6,East
TXN-00255,2025-01-02,CUST-2151,Widget B,39,78.26,3052.14,West
TXN-00256,2025-06-07,CUST-7128,Widget A,22,177.21,3898.62,West
TXN-00257,2025-02-28,CUST-6313,Widget A,17,304.77,5181.09,South
TXN-00258,2025-08-31,CUST-2996,Gadget Y,24,379.5,9108.0,Central
TXN-00259,2025-01-26,CUST-4076,Gadget Y,31,174.95,5423.45,South
TXN-00260,2025-06-19,CUST-9846,Widget B,10,440.73,4407.3,North
TXN-00261,2025-01-21,CUST-8884,Subscription,36,158.99,5723.64,Central
TXN-00262,2025-04-28,CUST-2273,Subscription,24,368.74,8849.76,West
TXN-00263,2025-09-14,CUST-3596,Subscription,39,490.25,19119.75,East
TXN-00264,2025-12-13,CUST-1133,Widget A,23,92.63,2130.49,West
TXN-00265,2025-07-04,CUST-5465,Subscription,3,96.8,290.4,South
TXN-00266,2025-01-21,CUST-1257,Gadget Y,38,178.5,6783.0,West
TXN-00267,2025-11-25,CUST-7135,Subscription,45,317.59,14291.55,East
TXN-00268,2025-12-18,CUST-6340,Gadget Y,23,288.74,6641.02,West
TXN-00269,2025-05-19,CUST-9769,Gadget X,25,300.17,7504.25,North
TXN-00270,2025-03-03,CUST-2719,Gadget Y,20,132.44,2648.8,South
TXN-00271,2025-04-17,CUST-5093,Gadget X,22,132.7,2919.4,North
TXN-00272,2025-05-04,CUST-6184,Widget A,23,147.5,3392.5,West
TXN-00273,2025-10-04,CUST-7998,Widget B,43,201.14,8649.02,South
TXN-00274,2025-03-29,CUST-6519,Widget A,21,206.8,4342.8,Central
TXN-00275,2025-09-28,CUST-8805,Subscription,6,475.56,2853.36,North
TXN-00276,2025-08-20,CUST-9491,Service Plan,2,431.55,863.1,North
TXN-00277,2025-06-25,CUST-2810,Widget B,8,181.68,1453.44,North
TXN-00278,2025-12-08,CUST-3325,Widget A,35,355.35,12437.25,Central
TXN-00279,2025-05-15,CUST-4354,Service Plan,3,456.28,1368.84,West
TXN-00280,2025-10-21,CUST-9945,Service Plan,25,321.88,8047.0,North
TXN-00281,2025-01-06,CUST-4169,Gadget X,32,482.28,15432.96,West
TXN-00282,2025-05-12,CUST-9208,Subscription,26,218.9,5691.4,East
TXN-00283,2025-01-10,CUST-5042,Widget A,17,313.79,5334.43,Central
TXN-00284,2025-10-05,CUST-3379,Subscription,30,335.36,10060.8,East
TXN-00285,2025-01-07,CUST-9193,Gadget X,44,378.1,16636.4,North
TXN-00286,2025-06-27,CUST-8162,Gadget Y,15,133.92,2008.8,East
TXN-00287,2025-10-14,CUST-8072,Widget A,19,186.4,3541.6,West
TXN-00288,2025-12-20,CUST-5333,Service Plan,16,33.75,540.0,West
TXN-00289,2025-05-04,CUST-7282,Widget A,4,257.12,1028.48,North
TXN-00290,2025-02-15,CUST-2414,Widget A,24,442.77,10626.48,West
TXN-00291,2025-03-15,CUST-4932,Widget A,33,32.77,1081.41,North
TXN-00292,2025-05-01,CUST-9498,Widget B,7,465.87,3261.09,Central
TXN-00293,2025-01-31,CUST-3418,Gadget X,28,374.45,10484.6,West
TXN-00294,2025-02-01,CUST-3981,Widget B,44,223.71,9843.24,East
TXN-00295,2025-08-21,CUST-6145,Widget A,41,310.41,12726.81,North
TXN-00296,2025-08-08,CUST-3684,Gadget Y,4,324.23,1296.92,Central
TXN-00297,2025-09-02,CUST-4996,Widget B,19,452.5,8597.5,East
TXN-00298,2025-12-22,CUST-6520,Gadget X,28,281.17,7872.76,Central
TXN-00299,2025-11-18,CUST-9888,Gadget X,1,431.61,431.61,West
TXN-00300,2025-06-06,CUST-9396,Gadget X,21,305.52,6415.92,Central
TXN-00301,2025-06-27,CUST-4076,Gadget X,17,245.91,4180.47,South
TXN-00302,2025-02-09,CUST-6097,Widget A,32,71.41,2285.12,West
TXN-00303,2025-02-02,CUST-2362,Widget B,42,226.52,9513.84,North
TXN-00304,2025-11-23,CUST-4670,Subscription,5,346.67,1733.35,North
TXN-00305,2025-11-10,CUST-9311,Gadget Y,48,254.37,12209.76,East
TXN-00306,2025-06-20,CUST-6707,Subscription,24,264.19,6340.56,Central
TXN-00307,2025-04-19,CUST-9905,Gadget X,33,141.63,4673.79,West
TXN-00308,2025-06-30,CUST-5534,Widget A,45,166.77,7504.65,East
TXN-00309,2025-09-17,CUST-3764,Widget B,50,450.04,22502.0,North
TXN-00310,2025-09-16,CUST-7123,Gadget X,33,114.2,3768.6,East
TXN-00311,2025-06-08,CUST-8017,Subscription,38,273.84,10405.92,East
TXN-00312,2025-02-02,CUST-6702,Subscription,32,270.75,8664.0,South
TXN-00313,2025-05-11,CUST-4996,Subscription,5,392.88,1964.4,West
TXN-00314,2025-10-11,CUST-1565,Gadget Y,39,353.04,13768.56,North
TXN-00315,2025-01-30,CUST-7304,Widget B,40,344.43,13777.2,East
TXN-00316,2025-02-13,CUST-1576,Subscription,42,115.32,4843.44,Central
TXN-00317,2025-01-31,CUST-9793,Gadget Y,37,356.12,13176.44,South
TXN-00318,2025-03-15,CUST-3342,Subscription,44,104.58,4601.52,West
TXN-00319,2025-12-23,CUST-1054,Service Plan,21,332.82,6989.22,West
TXN-00320,2025-04-10,CUST-3854,Widget B,2,244.68,489.36,East
TXN-00321,2025-11-20,CUST-1436,Service Plan,27,351.42,9488.34,East
TXN-00322,2025-05-26,CUST-6201,Widget A,11,76.89,845.79,North
TXN-00323,2025-01-19,CUST-6263,Widget B,40,280.09,11203.6,West
TXN-00324,2025-08-28,CUST-2201,Widget A,21,149.93,3148.53,West
TXN-00325,2025-12-21,CUST-1419,Subscription,1,419.79,419.79,West
TXN-00326,2025-10-08,CUST-5639,Service Plan,42,345.71,14519.82,South
TXN-00327,2025-12-20,CUST-1872,Widget B,47,92.53,4348.91,North
TXN-00328,2025-02-09,CUST-6102,Service Plan,5,159.85,799.25,East
TXN-00329,2025-10-30,CUST-8411,Gadget X,19,437.74,8317.06,South
TXN-00330,2025-02-04,CUST-3445,Service Plan,44,48.99,2155.56,North
TXN-00331,2025-11-26,CUST-5633,Gadget X,16,484.67,7754.72,East
TXN-00332,2025-11-02,CUST-2549,Gadget Y,26,15.71,408.46,Central
TXN-00333,2025-03-07,CUST-6361,Subscription,6,133.13,798.78,North
TXN-00334,2025-01-03,CUST-2772,Widget A,3,343.7,1031.1,South
TXN-00335,2025-09-16,CUST-7137,Service Plan,47,348.26,16368.22,Central
TXN-00336,2025-05-09,CUST-2998,Subscription,16,482.72,7723.52,West
TXN-00337,2025-08-30,CUST-2959,Widget B,45,34.57,1555.65,South
TXN-00338,2025-06-10,CUST-4852,Widget B,20,179.4,3588.0,East
TXN-00339,2025-08-21,CUST-2905,Service Plan,2,198.83,397.66,North
TXN-00340,2025-12-03,CUST-5479,Widget B,33,200.9,6629.7,West
TXN-00341,2025-04-14,CUST-2571,Gadget Y,29,40.08,1162.32,East
TXN-00342,2025-05-24,CUST-5798,Widget B,45,479.14,21561.3,South
TXN-00343,2025-11-08,CUST-7096,Gadget X,40,397.4,15896.0,South
TXN-00344,2025-06-26,CUST-3750,Widget A,32,374.14,11972.48,North
TXN-00345,2025-09-22,CUST-3377,Subscription,41,486.36,19940.76,West
TXN-00346,2025-12-29,CUST-5699,Gadget X,16,438.82,7021.12,South
TXN-00347,2025-04-02,CUST-2456,Widget B,27,278.6,7522.2,West
TXN-00348,2025-02-25,CUST-5772,Service Plan,13,384.57,4999.41,South
TXN-00349,2025-04-21,CUST-7073,Widget A,12,94.52,1134.24,East
TXN-00350,2025-02-21,CUST-7582,Widget B,19,95.81,1820.39,North
TXN-00351,2025-10-27,CUST-9827,Gadget Y,40,275.85,11034.0,Central
TXN-00352,2025-04-09,CUST-2085,Gadget X,37,264.43,9783.91,South
TXN-00353,2025-01-25,CUST-7028,Gadget X,42,272.84,11459.28,Central
TXN-00354,2025-11-30,CUST-9732,Widget B,36,156.21,5623.56,East
TXN-00355,2025-05-29,CUST-2147,Service Plan,13,368.38,4788.94,West
TXN-00356,2025-12-09,CUST-3477,Widget A,35,187.59,6565.65,North
TXN-00357,2025-11-09,CUST-4913,Gadget Y,30,310.19,9305.7,North
TXN-00358,2025-09-09,CUST-7944,Subscription,41,179.06,7341.46,West
TXN-00359,2025-05-23,CUST-9492,Gadget Y,47,359.51,16896.97,North
TXN-00360,2025-08-11,CUST-1936,Gadget X,48,262.42,12596.16,East
TXN-00361,2025-02-13,CUST-3980,Gadget X,45,270.41,12168.45,East
TXN-00362,2025-09-07,CUST-2048,Gadget X,39,273.92,10682.88,East
TXN-00363,2025-01-09,CUST-3434,Widget A,8,221.42,1771.36,East
TXN-00364,2025-04-06,CUST-1604,Gadget Y,18,329.54,5931.72,East
TXN-00365,2025-11-03,CUST-2131,Gadget X,19,167.75,3187.25,North
TXN-00366,2025-06-16,CUST-6645,Gadget Y,5,63.18,315.9,Central
TXN-00367,2025-01-14,CUST-4971,Service Plan,33,27.87,919.71,North
TXN-00368,2025-03-18,CUST-8166,Widget B,47,237.71,11172.37,South
TXN-00369,2025-08-08,CUST-3599,Widget B,46,275.98,12695.08,Central
TXN-00370,2025-12-07,CUST-6002,Service Plan,27,326.68,8820.36,North
TXN-00371,2025-04-26,CUST-5449,Service Plan,15,419.98,6299.7,South
TXN-00372,2025-12-02,CUST-3487,Gadget Y,27,457.46,12351.42,North
TXN-00373,2025-09-07,CUST-8016,Widget B,37,350.6,12972.2,Central
TXN-00374,2025-02-14,CUST-7040,Gadget X,22,96.1,2114.2,South
TXN-00375,2025-10-07,CUST-5009,Widget B,41,24.76,1015.16,Central
TXN-00376,2025-08-14,CUST-5689,Widget B,36,51.68,1860.48,North
TXN-00377,2025-08-14,CUST-5122,Service Plan,25,283.35,7083.75,South
TXN-00378,2025-08-10,CUST-7065,Gadget X,22,233.91,5146.02,East
TXN-00379,2025-12-03,CUST-3423,Gadget Y,42,336.41,14129.22,North
TXN-00380,2025-04-08,CUST-5680,Gadget X,42,408.26,17146.92,East
TXN-00381,2025-04-19,CUST-9078,Service Plan,19,407.23,7737.37,East
TXN-00382,2025-05-07,CUST-3602,Widget A,48,83.04,3985.92,South
TXN-00383,2025-05-02,CUST-1153,Gadget X,12,306.14,3673.68,Central
TXN-00384,2025-03-12,CUST-9811,Gadget Y,47,387.33,18204.51,North
TXN-00385,2025-01-21,CUST-9233,Gadget X,42,272.03,11425.26,East
TXN-00386,2025-11-27,CUST-7856,Subscription,1,107.66,107.66,East
TXN-00387,2025-08-03,CUST-3622,Widget B,47,34.42,1617.74,East
TXN-00388,2025-11-18,CUST-4615,Service Plan,13,371.86,4834.18,North
TXN-00389,2025-12-14,CUST-7472,Subscription,46,34.46,1585.16,West
TXN-00390,2025-04-08,CUST-3507,Widget B,44,316.87,13942.28,North
TXN-00391,2025-12-24,CUST-8847,Service Plan,22,396.79,8729.38,South
TXN-00392,2025-12-05,CUST-9749,Widget A,18,34.63,623.34,Central
TXN-00393,2025-04-10,CUST-1422,Subscription,15,153.03,2295.45,North
TXN-00394,2025-10-12,CUST-2877,Gadget X,48,33.7,1617.6,South
TXN-00395,2025-07-27,CUST-5337,Service Plan,35,360.58,12620.3,East
TXN-00396,2025-11-03,CUST-6701,Gadget Y,44,320.58,14105.52,East
TXN-00397,2025-10-25,CUST-6831,Widget B,41,488.65,20034.65,East
TXN-00398,2025-03-31,CUST-1337,Gadget Y,16,451.87,7229.92,East
TXN-00399,2025-02-12,CUST-2046,Gadget X,47,278.21,13075.87,South
TXN-00400,2025-12-14,CUST-1071,Widget B,33,437.15,14425.95,North
TXN-00401,2025-05-29,CUST-8327,Service Plan,8,327.05,2616.4,West
TXN-00402,2025-07-29,CUST-5483,Gadget Y,29,387.8,11246.2,South
TXN-00403,2025-07-30,CUST-2029,Gadget X,19,204.42,3883.98,West
TXN-00404,2025-10-17,CUST-7548,Gadget X,15,78.71,1180.65,Central
TXN-00405,2025-04-02,CUST-6954,Widget A,7,90.5,633.5,South
TXN-00406,2025-05-17,CUST-8904,Subscription,12,86.46,1037.52,South
TXN-00407,2025-05-20,CUST-1341,Gadget Y,36,435.76,15687.36,East
TXN-00408,2025-02-25,CUST-6608,Subscription,12,74.29,891.48,Central
TXN-00409,2025-04-23,CUST-7335,Gadget Y,18,486.12,8750.16,North
TXN-00410,2025-09-25,CUST-3963,Service Plan,8,284.65,2277.2,East
TXN-00411,2025-04-26,CUST-4132,Widget B,38,92.0,3496.0,West
TXN-00412,2025-08-28,CUST-2584,Widget B,16,49.97,799.52,North
TXN-00413,2025-08-09,CUST-4937,Gadget Y,50,129.54,6477.0,North
TXN-00414,2025-07-23,CUST-5937,Service Plan,38,277.26,10535.88,North
TXN-00415,2025-07-25,CUST-4325,Service Plan,31,89.49,2774.19,East
TXN-00416,2025-09-14,CUST-8339,Widget A,14,31.58,442.12,Central
TXN-00417,2025-05-16,CUST-7503,Gadget X,40,17.01,680.4,East
TXN-00418,2025-05-27,CUST-6815,Service Plan,29,418.97,12150.13,South
TXN-00419,2025-10-02,CUST-4623,Gadget Y,10,351.67,3516.7,Central
TXN-00420,2025-01-12,CUST-3340,Subscription,27,468.13,12639.51,Central
TXN-00421,2025-12-13,CUST-8195,Gadget X,21,174.73,3669.33,South
TXN-00422,2025-08-22,CUST-6345,Gadget Y,40,482.31,19292.4,East
TXN-00423,2025-10-20,CUST-4892,Widget B,35,420.1,14703.5,South
TXN-00424,2025-10-07,CUST-2731,Widget B,33,456.11,15051.63,West
TXN-00425,2025-10-15,CUST-2471,Service Plan,33,307.22,10138.26,East
TXN-00426,2025-04-15,CUST-1304,Subscription,4,85.17,340.68,North
TXN-00427,2025-10-15,CUST-6419,Gadget Y,25,225.39,5634.75,East
TXN-00428,2025-04-27,CUST-5219,Subscription,14,271.84,3805.76,North
TXN-00429,2025-04-30,CUST-3181,Widget B,18,70.63,1271.34,Central
TXN-00430,2025-04-02,CUST-9356,Widget A,12,305.87,3670.44,North
TXN-00431,2025-12-06,CUST-6223,Service Plan,10,491.68,4916.8,East
TXN-00432,2025-06-19,CUST-5988,Widget B,13,132.57,1723.41,North
TXN-00433,2025-02-12,CUST-9106,Gadget X,28,280.08,7842.24,East
TXN-00434,2025-12-03,CUST-5003,Service Plan,50,180.18,9009.0,Central
TXN-00435,2025-11-20,CUST-7171,Subscription,32,390.2,12486.4,West
TXN-00436,2025-03-23,CUST-1225,Widget B,22,215.09,4731.98,South
TXN-00437,2025-04-19,CUST-5798,Gadget Y,7,165.05,1155.35,West
TXN-00438,2025-07-11,CUST-3863,Widget B,1,382.36,382.36,West
TXN-00439,2025-10-24,CUST-9182,Widget A,22,26.0,572.0,Central
TXN-00440,2025-08-07,CUST-1869,Subscription,20,405.75,8115.0,East
TXN-00441,2025-02-22,CUST-1200,Widget B,20,114.61,2292.2,East
TXN-00442,2025-10-15,CUST-2028,Widget A,36,179.68,6468.48,North
TXN-00443,2025-11-15,CUST-9481,Gadget X,10,160.64,1606.4,South
TXN-00444,2025-03-24,CUST-4247,Widget A,7,465.8,3260.6,West
TXN-00445,2025-01-30,CUST-8240,Gadget X,11,120.13,1321.43,Central
TXN-00446,2025-09-17,CUST-4973,Widget B,36,225.22,8107.92,West
TXN-00447,2025-07-13,CUST-7938,Subscription,16,265.41,4246.56,East
TXN-00448,2025-12-08,CUST-8763,Service Plan,35,361.25,12643.75,East
TXN-00449,2025-08-29,CUST-1374,Service Plan,50,303.26,15163.0,West
TXN-00450,2025-05-09,CUST-6920,Widget B,22,247.77,5450.94,North
TXN-00451,2025-08-27,CUST-3938,Service Plan,10,83.5,835.0,East
TXN-00452,2025-06-12,CUST-9322,Subscription,18,377.34,6792.12,South
TXN-00453,2025-02-26,CUST-3961,Gadget Y,17,261.46,4444.82,West
TXN-00454,2025-02-07,CUST-4100,Subscription,14,191.93,2687.02,North
TXN-00455,2025-10-21,CUST-2830,Widget B,2,308.12,616.24,North
TXN-00456,2025-07-31,CUST-4676,Service Plan,6,171.37,1028.22,Central
TXN-00457,2025-03-09,CUST-6957,Gadget X,5,262.42,1312.1,West
TXN-00458,2025-04-08,CUST-8942,Gadget X,20,94.39,1887.8,North
TXN-00459,2025-04-28,CUST-7827,Widget B,33,464.17,15317.61,East
TXN-00460,2025-05-19,CUST-3205,Gadget X,5,25.51,127.55,South
TXN-00461,2025-12-26,CUST-7323,Subscription,19,67.97,1291.43,East
TXN-00462,2025-03-08,CUST-2234,Gadget Y,3,142.74,428.22,West
TXN-00463,2025-02-26,CUST-7427,Service Plan,32,195.15,6244.8,East
TXN-00464,2025-06-28,CUST-1108,Gadget X,48,391.02,18768.96,South
TXN-00465,2025-11-29,CUST-1511,Widget A,42,372.8,15657.6,North
TXN-00466,2025-07-27,CUST-7103,Gadget X,39,118.38,4616.82,South
TXN-00467,2025-05-02,CUST-3487,Subscription,25,17.19,429.75,East
TXN-00468,2025-11-27,CUST-1026,Gadget X,48,118.64,5694.72,South
TXN-00469,2025-11-09,CUST-6921,Gadget X,35,171.5,6002.5,East
TXN-00470,2025-08-13,CUST-4173,Widget B,35,30.26,1059.1,North
TXN-00471,2025-12-22,CUST-5123,Gadget X,35,67.57,2364.95,North
TXN-00472,2025-02-18,CUST-9011,Widget B,20,28.34,566.8,South
TXN-00473,2025-04-14,CUST-5198,Subscription,8,25.18,201.44,Central
TXN-00474,2025-07-28,CUST-8270,Widget B,27,75.01,2025.27,West
TXN-00475,2025-01-23,CUST-9268,Subscription,48,308.49,14807.52,East
TXN-00476,2025-03-13,CUST-2530,Subscription,50,15.85,792.5,North
TXN-00477,2025-01-24,CUST-1286,Service Plan,33,361.94,11944.02,Central
TXN-00478,2025-10-08,CUST-7445,Gadget X,37,264.13,9772.81,North
TXN-00479,2025-05-24,CUST-2743,Gadget X,25,413.62,10340.5,South
TXN-00480,2025-09-15,CUST-6548,Subscription,39,467.22,18221.58,North
TXN-00481,2025-10-18,CUST-5512,Widget B,23,175.16,4028.68,West
TXN-00482,2025-01-18,CUST-6493,Widget A,13,401.32,5217.16,South
TXN-00483,2025-02-20,CUST-2786,Gadget X,48,181.74,8723.52,South
TXN-00484,2025-06-03,CUST-8468,Widget B,35,142.05,4971.75,South
TXN-00485,2025-12-14,CUST-6287,Service Plan,38,64.41,2447.58,East
TXN-00486,2025-09-17,CUST-3927,Gadget X,32,254.06,8129.92,East
TXN-00487,2025-04-17,CUST-1944,Gadget Y,6,130.83,784.98,East
TXN-00488,2025-02-16,CUST-6719,Gadget X,8,393.28,3146.24,North
TXN-00489,2025-07-08,CUST-8980,Widget A,1,352.82,352.82,South
TXN-00490,2025-11-06,CUST-8834,Widget A,31,356.37,11047.47,East
TXN-00491,2025-11-25,CUST-9274,Subscription,12,102.15,1225.8,South
TXN-00492,2025-09-12,CUST-4115,Gadget Y,10,242.45,2424.5,South
TXN-00493,2025-06-08,CUST-5941,Gadget Y,40,354.09,14163.6,Central
TXN-00494,2025-06-28,CUST-5379,Widget B,44,347.61,15294.84,East
TXN-00495,2025-12-22,CUST-6584,Subscription,41,183.01,7503.41,South
TXN-00496,2025-12-16,CUST-9244,Service Plan,11,482.83,5311.13,East
TXN-00497,2025-03-02,CUST-8027,Gadget Y,3,199.76,599.28,Central
TXN-00498,2025-10-19,CUST-3230,Service Plan,49,337.47,16536.03,East
TXN-00499,2025-05-19,CUST-2376,Service Plan,30,173.0,5190.0,South
TXN-00500,2025-05-18,CUST-4284,Widget B,1,453.0,453.0,West
TXN-00501,2025-01-15,CUST-5234,Gadget X,6,325.22,1951.32,East
TXN-00502,2025-12-11,CUST-8527,Gadget X,42,461.88,19398.96,North
TXN-00503,2025-08-07,CUST-8579,Widget A,32,465.51,14896.32,West
TXN-00504,2025-07-10,CUST-3743,Widget A,1,22.92,22.92,Central
TXN-00505,2025-12-30,CUST-4506,Gadget Y,36,338.57,12188.52,East
TXN-00506,2025-02-16,CUST-8701,Widget A,33,31.49,1039.17,East
TXN-00507,2025-04-28,CUST-7945,Gadget X,44,366.23,16114.12,West
TXN-00508,2025-04-15,CUST-4393,Subscription,46,408.29,18781.34,East
TXN-00509,2025-05-27,CUST-9492,Widget B,39,21.05,820.95,East
TXN-00510,2025-05-03,CUST-3672,Subscription,16,10.62,169.92,West
TXN-00511,2025-02-20,CUST-4735,Widget A,8,330.41,2643.28,South
TXN-00512,2025-05-19,CUST-8774,Subscription,4,224.81,899.24,Central
TXN-00513,2025-08-19,CUST-5274,Service Plan,46,25.05,1152.3,South
TXN-00514,2025-12-25,CUST-4383,Widget A,24,70.14,1683.36,South
TXN-00515,2025-04-28,CUST-5657,Widget A,6,391.16,2346.96,Central
TXN-00516,2025-04-29,CUST-1024,Gadget X,48,289.32,13887.36,North
TXN-00517,2025-01-31,CUST-1304,Service Plan,32,187.98,6015.36,South
TXN-00518,2025-03-24,CUST-3776,Service Plan,5,106.01,530.05,South
TXN-00519,2025-06-24,CUST-4377,Subscription,33,247.72,8174.76,West
TXN-00520,2025-07-29,CUST-4928,Service Plan,11,147.73,1625.03,South
TXN-00521,2025-01-05,CUST-5555,Widget A,37,427.93,15833.41,Central
TXN-00522,2025-09-11,CUST-1872,Gadget X,32,127.43,4077.76,West
TXN-00523,2025-12-20,CUST-1686,Gadget Y,41,35.62,1460.42,South
TXN-00524,2025-04-14,CUST-3770,Widget A,36,272.32,9803.52,East
TXN-00525,2025-09-22,CUST-1206,Widget A,37,64.4,2382.8,North
TXN-00526,2025-02-19,CUST-8289,Gadget X,22,363.53,7997.66,North
TXN-00527,2025-07-07,CUST-8635,Subscription,4,103.59,414.36,Central
TXN-00528,2025-03-25,CUST-6465,Service Plan,23,241.1,5545.3,Central
TXN-00529,2025-09-24,CUST-6939,Widget B,2,252.25,504.5,Central
TXN-00530,2025-01-28,CUST-7109,Service Plan,15,363.74,5456.1,East
TXN-00531,2025-12-03,CUST-9930,Subscription,17,117.36,1995.12,Central
TXN-00532,2025-06-04,CUST-3673,Service Plan,12,400.95,4811.4,West
TXN-00533,2025-06-27,CUST-7774,Gadget X,14,273.33,3826.62,South
TXN-00534,2025-04-01,CUST-9850,Gadget X,26,65.91,1713.66,South
TXN-00535,2025-09-11,CUST-8669,Widget B,3,343.38,1030.14,East
TXN-00536,2025-04-14,CUST-6553,Gadget X,24,18.69,448.56,North
TXN-00537,2025-10-12,CUST-4414,Widget B,19,377.74,7177.06,East
TXN-00538,2025-03-31,CUST-3577,Widget A,1,390.35,390.35,North
TXN-00539,2025-09-30,CUST-2682,Gadget X,40,380.18,15207.2,South
TXN-00540,2025-12-07,CUST-9033,Widget B,49,173.52,8502.48,Central
TXN-00541,2025-07-16,CUST-4500,Gadget Y,50,202.02,10101.0,East
TXN-00542,2025-10-08,CUST-5301,Service Plan,28,174.4,4883.2,Central
TXN-00543,2025-04-23,CUST-3977,Service Plan,25,388.05,9701.25,East
TXN-00544,2025-07-29,CUST-7641,Gadget X,14,323.29,4526.06,North
TXN-00545,2025-05-02,CUST-7164,Service Plan,29,137.78,3995.62,West
TXN-00546,2025-01-21,CUST-3987,Gadget Y,39,360.44,14057.16,East
TXN-00547,2025-03-05,CUST-6281,Gadget X,28,443.76,12425.28,West
TXN-00548,2025-02-23,CUST-3908,Gadget X,32,69.82,2234.24,North
TXN-00549,2025-10-11,CUST-1116,Widget B,12,315.14,3781.68,East
TXN-00550,2025-08-06,CUST-4567,Widget B,36,452.15,16277.4,West
TXN-00551,2025-12-27,CUST-8812,Widget A,45,108.47,4881.15,North
TXN-00552,2025-01-01,CUST-9967,Gadget Y,8,107.97,863.76,Central
TXN-00553,2025-07-16,CUST-7661,Service Plan,10,138.58,1385.8,East
TXN-00554,2025-06-06,CUST-1314,Gadget Y,16,389.25,6228.0,West
TXN-00555,2025-05-26,CUST-7950,Widget A,8,42.24,337.92,East
TXN-00556,2025-08-18,CUST-7902,Gadget X,15,331.06,4965.9,Central
TXN-00557,2025-11-28,CUST-7195,Subscription,33,492.78,16261.74,East
TXN-00558,2025-05-22,CUST-5835,Service Plan,27,378.16,10210.32,South
TXN-00559,2025-03-26,CUST-9120,Subscription,30,110.72,3321.6,South
TXN-00560,2025-10-11,CUST-2544,Service Plan,32,310.79,9945.28,Central
TXN-00561,2025-02-01,CUST-8216,Subscription,11,352.06,3872.66,West
TXN-00562,2025-12-02,CUST-6352,Gadget X,43,168.93,7263.99,East
TXN-00563,2025-10-03,CUST-5210,Gadget X,27,38.32,1034.64,West
TXN-00564,2025-07-07,CUST-2501,Gadget X,20,53.31,1066.2,Central
TXN-00565,2025-09-26,CUST-1285,Service Plan,41,118.04,4839.64,North
TXN-00566,2025-06-30,CUST-5849,Service Plan,50,301.04,15052.0,East
TXN-00567,2025-08-24,CUST-1811,Gadget X,35,456.82,15988.7,East
TXN-00568,2025-05-30,CUST-2032,Gadget Y,13,89.38,1161.94,South
TXN-00569,2025-10-16,CUST-2274,Gadget Y,49,230.07,11273.43,Central
TXN-00570,2025-09-27,CUST-2504,Subscription,27,178.89,4830.03,South
TXN-00571,2025-01-12,CUST-7471,Service Plan,27,407.52,11003.04,East
TXN-00572,2025-05-23,CUST-2151,Widget A,3,427.0,1281.0,North
TXN-00573,2025-06-10,CUST-3608,Gadget X,28,32.43,908.04,North
TXN-00574,2025-03-17,CUST-7653,Gadget Y,41,144.23,5913.43,North
TXN-00575,2025-10-21,CUST-6331,Gadget X,11,334.04,3674.44,North
TXN-00576,2025-03-14,CUST-3069,Subscription,16,340.13,5442.08,South
TXN-00577,2025-11-07,CUST-4723,Gadget X,11,129.48,1424.28,Central
TXN-00578,2025-04-16,CUST-7864,Gadget Y,35,348.35,12192.25,Central
TXN-00579,2025-10-02,CUST-5146,Subscription,7,13.39,93.73,South
TXN-00580,2025-03-21,CUST-5286,Widget B,6,305.98,1835.88,East
TXN-00581,2025-11-30,CUST-9382,Gadget Y,44,26.7,1174.8,South
TXN-00582,2025-05-26,CUST-7282,Gadget Y,1,306.39,306.39,Central
TXN-00583,2025-03-30,CUST-2387,Gadget X,23,180.46,4150.58,East
TXN-00584,2025-12-29,CUST-2865,Service Plan,19,467.59,8884.21,West
TXN-00585,2025-04-14,CUST-1006,Widget A,39,304.48,11874.72,East
TXN-00586,2025-12-06,CUST-4960,Widget B,30,338.86,10165.8,Central
TXN-00587,2025-04-11,CUST-6283,Subscription,17,113.56,1930.52,Central
TXN-00588,2025-01-29,CUST-2062,Service Plan,25,392.55,9813.75,Central
TXN-00589,2025-12-09,CUST-7145,Gadget Y,6,290.83,1744.98,East
TXN-00590,2025-02-18,CUST-5023,Widget A,37,425.69,15750.53,North
TXN-00591,2025-04-27,CUST-4409,Gadget Y,1,282.39,282.39,Central
TXN-00592,2025-12-12,CUST-2108,Service Plan,18,242.09,4357.62,Central
TXN-00593,2025-03-17,CUST-4767,Gadget Y,20,52.35,1047.0,West
TXN-00594,2025-11-06,CUST-2623,Subscription,48,189.83,9111.84,Central
TXN-00595,2025-06-06,CUST-9099,Gadget X,2,22.46,44.92,North
TXN-00596,2025-02-09,CUST-2926,Service Plan,48,470.15,22567.2,Central
TXN-00597,2025-10-02,CUST-7409,Widget A,31,103.43,3206.33,North
TXN-00598,2025-09-14,CUST-3170,Widget A,9,126.37,1137.33,East
TXN-00599,2025-06-04,CUST-2930,Service Plan,42,128.02,5376.84,South
TXN-00600,2025-08-07,CUST-8496,Subscription,37,469.19,17360.03,Central
TXN-00601,2025-07-14,CUST-7748,Gadget X,45,354.76,15964.2,South
TXN-00602,2025-10-05,CUST-8832,Widget A,4,218.26,873.04,South
TXN-00603,2025-08-29,CUST-9730,Subscription,23,342.6,7879.8,West
TXN-00604,2025-04-06,CUST-7545,Service Plan,23,288.93,6645.39,East
TXN-00605,2025-07-01,CUST-9074,Gadget X,16,103.11,1649.76,Central
TXN-00606,2025-04-21,CUST-1514,Subscription,5,432.23,2161.15,Central
TXN-00607,2025-10-06,CUST-5588,Subscription,5,184.7,923.5,North
TXN-00608,2025-02-21,CUST-7546,Widget A,49,35.57,1742.93,North
TXN-00609,2025-11-02,CUST-1904,Subscription,21,498.53,10469.13,West
TXN-00610,2025-01-07,CUST-9261,Widget A,42,103.89,4363.38,East
TXN-00611,2025-11-05,CUST-1534,Gadget X,48,229.27,11004.96,North
TXN-00612,2025-01-23,CUST-6607,Widget A,18,124.06,2233.08,East
TXN-00613,2025-02-09,CUST-4582,Gadget Y,50,315.53,15776.5,North
TXN-00614,2025-04-27,CUST-6036,Service Plan,25,53.85,1346.25,South
TXN-00615,2025-10-18,CUST-2358,Widget A,26,423.48,11010.48,East
TXN-00616,2025-08-29,CUST-6498,Widget B,50,174.28,8714.0,North
TXN-00617,2025-02-17,CUST-6366,Widget A,1,291.76,291.76,North
TXN-00618,2025-03-26,CUST-8684,Gadget Y,7,361.69,2531.83,East
TXN-00619,2025-01-23,CUST-3105,Widget A,30,305.84,9175.2,North
TXN-00620,2025-11-15,CUST-6100,Service Plan,33,93.81,3095.73,Central
TXN-00621,2025-10-26,CUST-9366,Widget B,7,255.38,1787.66,North
TXN-00622,2025-06-29,CUST-7680,Widget A,37,28.21,1043.77,Central
TXN-00623,2025-09-30,CUST-5854,Subscription,32,283.87,9083.84,South
TXN-00624,2025-04-20,CUST-2752,Widget B,38,170.78,6489.64,East
TXN-00625,2025-05-10,CUST-2605,Subscription,37,197.82,7319.34,West
TXN-00626,2025-03-31,CUST-7910,Widget B,36,324.75,11691.0,West
TXN-00627,2025-07-31,CUST-9092,Gadget X,23,291.5,6704.5,North
TXN-00628,2025-01-17,CUST-1003,Subscription,7,234.39,1640.73,Central
TXN-00629,2025-08-21,CUST-5770,Subscription,3,230.89,692.67,South
TXN-00630,2025-09-29,CUST-5405,Service Plan,50,328.65,16432.5,West
TXN-00631,2025-03-10,CUST-5495,Gadget X,40,119.76,4790.4,South
TXN-00632,2025-04-25,CUST-8967,Service Plan,37,205.12,7589.44,South
TXN-00633,2025-05-11,CUST-3008,Widget B,32,485.71,15542.72,North
TXN-00634,2025-03-28,CUST-7928,Gadget X,8,420.79,3366.32,Central
TXN-00635,2025-12-31,CUST-1646,Gadget X,23,157.33,3618.59,West
TXN-00636,2025-06-15,CUST-6456,Service Plan,4,468.0,1872.0,East
TXN-00637,2025-03-03,CUST-9074,Gadget X,2,474.66,949.32,East
TXN-00638,2025-10-18,CUST-3938,Gadget Y,16,29.93,478.88,West
TXN-00639,2025-05-13,CUST-2065,Service Plan,24,429.84,10316.16,North
TXN-00640,2025-01-05,CUST-1079,Widget A,1,51.1,51.1,Central
TXN-00641,2025-07-29,CUST-4353,Widget B,37,285.1,10548.7,West
TXN-00642,2025-05-13,CUST-8205,Widget B,29,494.45,14339.05,Central
TXN-00643,2025-04-04,CUST-6604,Widget A,13,86.96,1130.48,South
TXN-00644,2025-02-27,CUST-5631,Widget B,44,384.45,16915.8,South
TXN-00645,2025-11-16,CUST-9264,Widget A,30,434.55,13036.5,South
TXN-00646,2025-05-06,CUST-4912,Widget B,41,28.2,1156.2,West
TXN-00647,2025-08-19,CUST-9299,Subscription,47,20.74,974.78,South
TXN-00648,2025-03-15,CUST-3841,Gadget X,12,205.5,2466.0,Central
TXN-00649,2025-07-10,CUST-4160,Subscription,24,321.96,7727.04,East
TXN-00650,2025-08-07,CUST-7830,Subscription,27,307.54,8303.58,South
TXN-00651,2025-04-22,CUST-7604,Subscription,6,426.43,2558.58,East
TXN-00652,2025-09-23,CUST-4776,Gadget Y,1,259.45,259.45,South
TXN-00653,2025-05-27,CUST-8214,Widget A,29,182.95,5305.55,Central
TXN-00654,2025-10-19,CUST-3467,Subscription,16,302.39,4838.24,Central
TXN-00655,2025-11-13,CUST-2104,Widget A,37,453.18,16767.66,West
TXN-00656,2025-04-07,CUST-4028,Widget A,5,138.04,690.2,East
TXN-00657,2025-05-08,CUST-3885,Gadget Y,18,406.68,7320.24,East
TXN-00658,2025-06-11,CUST-4136,Widget A,17,210.74,3582.58,South
TXN-00659,2025-05-22,CUST-4412,Subscription,23,215.84,4964.32,West
TXN-00660,2025-10-18,CUST-8703,Service Plan,37,353.63,13084.31,South
TXN-00661,2025-10-27,CUST-6301,Gadget X,10,485.84,4858.4,South
TXN-00662,2025-04-07,CUST-3672,Widget B,1,235.04,235.04,North
TXN-00663,2025-10-09,CUST-4269,Service Plan,20,271.77,5435.4,West
TXN-00664,2025-02-18,CUST-2795,Service Plan,34,429.81,14613.54,South
TXN-00665,2025-11-18,CUST-8377,Service Plan,4,499.57,1998.28,East
TXN-00666,2025-11-26,CUST-5630,Widget B,43,381.35,16398.05,Central
TXN-00667,2025-12-10,CUST-9236,Service Plan,47,434.8,20435.6,North
TXN-00668,2025-08-26,CUST-6447,Gadget Y,33,337.1,11124.3,South
TXN-00669,2025-06-23,CUST-2676,Widget B,49,289.0,14161.0,South
TXN-00670,2025-02-01,CUST-5106,Subscription,1,264.51,264.51,South
TXN-00671,2025-08-03,CUST-9019,Service Plan,23,235.67,5420.41,Central
TXN-00672,2025-07-30,CUST-2375,Gadget X,42,449.53,18880.26,West
TXN-00673,2025-08-28,CUST-6946,Gadget X,46,233.44,10738.24,West
TXN-00674,2025-09-08,CUST-8491,Gadget X,20,474.89,9497.8,Central
TXN-00675,2025-04-21,CUST-6270,Service Plan,3,214.71,644.13,Central
TXN-00676,2025-05-17,CUST-9476,Gadget X,8,83.38,667.04,North
TXN-00677,2025-10-24,CUST-2325,Gadget X,45,292.47,13161.15,East
TXN-00678,2025-06-19,CUST-7572,Subscription,27,314.87,8501.49,East
TXN-00679,2025-10-03,CUST-3328,Gadget Y,26,194.42,5054.92,North
TXN-00680,2025-01-16,CUST-5055,Gadget Y,3,218.89,656.67,South
TXN-00681,2025-12-03,CUST-1030,Widget A,19,383.77,7291.63,North
TXN-00682,2025-02-28,CUST-4131,Widget A,32,11.94,382.08,West
TXN-00683,2025-08-27,CUST-5215,Gadget Y,26,39.42,1024.92,South
TXN-00684,2025-11-14,CUST-8403,Widget B,13,438.52,5700.76,West
TXN-00685,2025-01-28,CUST-7401,Subscription,11,190.54,2095.94,Central
TXN-00686,2025-08-11,CUST-4720,Subscription,42,387.68,16282.56,South
TXN-00687,2025-11-12,CUST-1466,Widget B,31,213.21,6609.51,Central
TXN-00688,2025-01-11,CUST-3785,Service Plan,34,381.18,12960.12,North
TXN-00689,2025-01-13,CUST-4937,Service Plan,19,240.82,4575.58,North
TXN-00690,2025-05-24,CUST-8645,Service Plan,9,366.8,3301.2,South
TXN-00691,2025-02-23,CUST-9584,Service Plan,13,136.32,1772.16,West
TXN-00692,2025-01-17,CUST-7844,Subscription,43,453.54,19502.22,North
TXN-00693,2025-08-21,CUST-5946,Widget A,19,220.1,4181.9,West
TXN-00694,2025-06-25,CUST-3718,Gadget Y,6,110.87,665.22,East
TXN-00695,2025-11-20,CUST-8668,Gadget X,18,139.2,2505.6,South
TXN-00696,2025-02-03,CUST-5574,Widget A,38,134.35,5105.3,Central
TXN-00697,2025-12-05,CUST-8316,Gadget X,1,317.52,317.52,Central
TXN-00698,2025-09-04,CUST-7590,Widget B,2,439.51,879.02,North
TXN-00699,2025-06-28,CUST-2288,Gadget Y,31,155.36,4816.16,Central
TXN-00700,2025-08-11,CUST-8833,Widget A,10,378.78,3787.8,East
TXN-00701,2025-09-26,CUST-4043,Gadget Y,3,352.26,1056.78,East
TXN-00702,2025-04-06,CUST-6910,Gadget X,41,125.92,5162.72,East
TXN-00703,2025-11-09,CUST-3952,Subscription,36,337.56,12152.16,South
TXN-00704,2025-04-21,CUST-4943,Subscription,5,239.84,1199.2,Central
TXN-00705,2025-07-30,CUST-6886,Service Plan,25,335.39,8384.75,Central
TXN-00706,2025-09-17,CUST-4112,Widget B,32,217.03,6944.96,Central
TXN-00707,2025-02-16,CUST-4895,Gadget Y,40,441.7,17668.0,East
TXN-00708,2025-07-23,CUST-3726,Service Plan,41,476.07,19518.87,North
TXN-00709,2025-01-21,CUST-2465,Widget A,27,272.34,7353.18,East
TXN-00710,2025-10-27,CUST-2802,Gadget Y,48,64.1,3076.8,West
TXN-00711,2025-02-23,CUST-7458,Subscription,39,394.84,15398.76,East
TXN-00712,2025-02-02,CUST-7067,Service Plan,37,18.42,681.54,South
TXN-00713,2025-06-20,CUST-7910,Widget B,38,144.99,5509.62,West
TXN-00714,2025-08-19,CUST-7763,Gadget X,20,172.39,3447.8,Central
TXN-00715,2025-01-13,CUST-8614,Gadget X,10,460.39,4603.9,Central
TXN-00716,2025-09-10,CUST-7160,Subscription,30,50.53,1515.9,North
TXN-00717,2025-11-27,CUST-5956,Service Plan,20,48.17,963.4,East
TXN-00718,2025-10-17,CUST-9464,Gadget X,5,101.99,509.95,South
TXN-00719,2025-12-12,CUST-3703,Gadget X,17,361.23,6140.91,North
TXN-00720,2025-06-22,CUST-6871,Gadget X,40,276.38,11055.2,West
TXN-00721,2025-02-02,CUST-3557,Subscription,36,321.1,11559.6,South
TXN-00722,2025-03-06,CUST-7871,Gadget X,47,69.82,3281.54,South
TXN-00723,2025-07-08,CUST-8881,Service Plan,32,256.02,8192.64,South
TXN-00724,2025-12-28,CUST-6687,Gadget Y,47,128.47,6038.09,West
TXN-00725,2025-11-10,CUST-1846,Service Plan,26,269.33,7002.58,East
TXN-00726,2025-12-20,CUST-3339,Widget A,10,79.09,790.9,East
TXN-00727,2025-10-22,CUST-6160,Widget A,3,435.53,1306.59,Central
TXN-00728,2025-06-28,CUST-6233,Gadget Y,38,14.43,548.34,North
TXN-00729,2025-03-02,CUST-3950,Subscription,5,208.11,1040.55,South
TXN-00730,2025-12-09,CUST-3369,Gadget X,23,485.67,11170.41,East
TXN-00731,2025-10-30,CUST-5083,Widget A,39,255.3,9956.7,North
TXN-00732,2025-11-08,CUST-8048,Service Plan,27,265.7,7173.9,West
TXN-00733,2025-05-15,CUST-1711,Subscription,2,288.63,577.26,North
TXN-00734,2025-02-18,CUST-2744,Subscription,24,78.33,1879.92,West
TXN-00735,2025-09-19,CUST-4487,Widget A,17,454.76,7730.92,East
TXN-00736,2025-11-17,CUST-9548,Service Plan,36,488.89,17600.04,East
TXN-00737,2025-10-09,CUST-5319,Subscription,22,416.2,9156.4,Central
TXN-00738,2025-07-10,CUST-1331,Gadget X,45,158.54,7134.3,North
TXN-00739,2025-02-24,CUST-2909,Service Plan,17,437.13,7431.21,North
TXN-00740,2025-05-23,CUST-5686,Gadget Y,46,164.83,7582.18,South
TXN-00741,2025-05-19,CUST-4135,Widget A,40,127.45,5098.0,North
TXN-00742,2025-06-06,CUST-4773,Gadget X,32,75.36,2411.52,South
TXN-00743,2025-11-06,CUST-5157,Gadget Y,45,232.37,10456.65,West
TXN-00744,2025-07-23,CUST-8928,Widget B,16,417.22,6675.52,North
TXN-00745,2025-05-09,CUST-1069,Gadget Y,1,361.9,361.9,West
TXN-00746,2025-12-19,CUST-1675,Gadget Y,23,358.72,8250.56,Central
TXN-00747,2025-09-19,CUST-6492,Subscription,50,176.1,8805.0,West
TXN-00748,2025-06-25,CUST-7110,Subscription,18,361.26,6502.68,South
TXN-00749,2025-01-22,CUST-8737,Gadget X,21,221.46,4650.66,West
TXN-00750,2025-10-31,CUST-9862,Widget A,47,371.89,17478.83,West
TXN-00751,2025-05-27,CUST-7411,Widget B,15,30.19,452.85,South
TXN-00752,2025-03-04,CUST-7592,Service Plan,19,308.1,5853.9,East
TXN-00753,2025-09-21,CUST-5531,Widget B,33,249.41,8230.53,North
TXN-00754,2025-03-14,CUST-7947,Service Plan,29,424.53,12311.37,East
TXN-00755,2025-03-14,CUST-2845,Subscription,30,452.0,13560.0,North
TXN-00756,2025-08-11,CUST-9330,Widget A,22,228.51,5027.22,West
TXN-00757,2025-04-21,CUST-5642,Gadget Y,25,55.37,1384.25,South
TXN-00758,2025-12-04,CUST-7516,Gadget X,19,293.4,5574.6,Central
TXN-00759,2025-11-26,CUST-5238,Subscription,23,358.41,8243.43,East
TXN-00760,2025-12-09,CUST-3469,Subscription,34,317.46,10793.64,East
TXN-00761,2025-05-12,CUST-3436,Service Plan,25,326.93,8173.25,Central
TXN-00762,2025-12-19,CUST-3593,Service Plan,27,462.3,12482.1,Central
TXN-00763,2025-07-03,CUST-4146,Widget A,29,141.27,4096.83,North
TXN-00764,2025-11-24,CUST-1623,Widget B,15,294.32,4414.8,North
TXN-00765,2025-11-08,CUST-4380,Gadget Y,41,238.16,9764.56,East
TXN-00766,2025-08-06,CUST-3273,Widget A,18,280.88,5055.84,East
TXN-00767,2025-03-30,CUST-9798,Gadget Y,35,175.35,6137.25,East
TXN-00768,2025-07-09,CUST-9248,Gadget Y,39,182.41,7113.99,West
TXN-00769,2025-04-17,CUST-9512,Subscription,21,183.09,3844.89,East
TXN-00770,2025-05-07,CUST-2196,Subscription,7,220.03,1540.21,North
TXN-00771,2025-06-28,CUST-1125,Gadget X,18,28.57,514.26,West
TXN-00772,2025-04-08,CUST-1386,Gadget X,45,62.34,2805.3,East
TXN-00773,2025-11-07,CUST-1396,Subscription,14,406.35,5688.9,North
TXN-00774,2025-06-04,CUST-3487,Gadget Y,4,13.08,52.32,North
TXN-00775,2025-08-27,CUST-3086,Widget B,46,393.37,18095.02,East
TXN-00776,2025-06-10,CUST-6488,Gadget X,31,44.47,1378.57,East
TXN-00777,2025-05-04,CUST-3884,Gadget X,3,321.48,964.44,South
TXN-00778,2025-10-23,CUST-1798,Gadget Y,11,478.88,5267.68,South
TXN-00779,2025-12-13,CUST-3603,Widget A,13,153.77,1999.01,West
TXN-00780,2025-02-28,CUST-5171,Gadget Y,2,230.16,460.32,South
TXN-00781,2025-07-28,CUST-3403,Widget B,44,313.56,13796.64,North
TXN-00782,2025-05-17,CUST-6377,Gadget Y,46,383.16,17625.36,East
TXN-00783,2025-06-16,CUST-6646,Widget B,30,72.16,2164.8,Central
TXN-00784,2025-02-16,CUST-9579,Gadget Y,32,420.35,13451.2,South
TXN-00785,2025-05-25,CUST-7426,Gadget X,13,125.22,1627.86,West
TXN-00786,2025-10-21,CUST-8730,Subscription,25,163.34,4083.5,West
TXN-00787,2025-02-07,CUST-2188,Widget B,38,23.08,877.04,East
TXN-00788,2025-09-01,CUST-7638,Widget B,18,242.36,4362.48,South
TXN-00789,2025-07-19,CUST-3143,Subscription,25,285.33,7133.25,Central
TXN-00790,2025-08-04,CUST-4063,Service Plan,32,363.78,11640.96,Central
TXN-00791,2025-07-04,CUST-8943,Widget B,2,150.13,300.26,Central
TXN-00792,2025-02-25,CUST-6701,Widget A,48,415.8,19958.4,South
TXN-00793,2025-06-26,CUST-3988,Gadget X,32,285.08,9122.56,Central
TXN-00794,2025-09-03,CUST-8068,Service Plan,18,30.94,556.92,East
TXN-00795,2025-07-01,CUST-1588,Widget A,10,308.55,3085.5,East
TXN-00796,2025-06-30,CUST-5632,Widget B,16,60.66,970.56,South
TXN-00797,2025-11-01,CUST-7739,Widget B,31,391.04,12122.24,West
TXN-00798,2025-07-19,CUST-2940,Service Plan,30,494.0,14820.0,North
TXN-00799,2025-12-23,CUST-5758,Gadget Y,6,137.89,827.34,Central
TXN-00800,2025-12-05,CUST-3392,Service Plan,43,489.95,21067.85,Central
TXN-00801,2025-07-24,CUST-4396,Gadget Y,15,64.08,961.2,East
TXN-00802,2025-05-31,CUST-7071,Service Plan,42,473.29,19878.18,North
TXN-00803,2025-10-24,CUST-4541,Subscription,23,380.33,8747.59,Central
TXN-00804,2025-02-07,CUST-2773,Gadget Y,38,144.88,5505.44,South
TXN-00805,2025-01-19,CUST-4555,Gadget Y,21,277.98,5837.58,Central
TXN-00806,2025-02-26,CUST-9892,Widget B,30,376.92,11307.6,West
TXN-00807,2025-03-18,CUST-3160,Gadget X,24,476.4,11433.6,East
TXN-00808,2025-07-05,CUST-2487,Gadget X,37,362.62,13416.94,East
TXN-00809,2025-12-16,CUST-4462,Subscription,13,14.77,192.01,Central
TXN-00810,2025-06-22,CUST-5821,Widget B,8,479.9,3839.2,Central
TXN-00811,2025-11-06,CUST-9282,Widget B,12,495.51,5946.12,North
TXN-00812,2025-10-28,CUST-6637,Gadget Y,21,222.97,4682.37,South
TXN-00813,2025-03-18,CUST-7053,Widget A,44,26.14,1150.16,West
TXN-00814,2025-03-06,CUST-4029,Subscription,1,237.82,237.82,North
TXN-00815,2025-04-30,CUST-7103,Gadget Y,6,94.44,566.64,East
TXN-00816,2025-07-11,CUST-9581,Service Plan,40,129.18,5167.2,South
TXN-00817,2025-12-21,CUST-1232,Widget B,11,184.96,2034.56,South
TXN-00818,2025-07-22,CUST-2701,Gadget X,37,438.33,16218.21,South
TXN-00819,2025-05-04,CUST-7762,Widget A,5,30.27,151.35,South
TXN-00820,2025-07-02,CUST-8238,Widget A,50,339.94,16997.0,West
TXN-00821,2025-09-07,CUST-7212,Gadget Y,44,95.67,4209.48,South
TXN-00822,2025-07-04,CUST-7262,Gadget Y,40,297.56,11902.4,West
TXN-00823,2025-10-25,CUST-7787,Subscription,2,385.07,770.14,North
TXN-00824,2025-02-16,CUST-5142,Service Plan,30,495.57,14867.1,East
TXN-00825,2025-04-11,CUST-5084,Gadget X,50,224.83,11241.5,South
TXN-00826,2025-06-13,CUST-8021,Subscription,19,479.74,9115.06,East
TXN-00827,2025-06-04,CUST-5121,Widget A,13,369.98,4809.74,North
TXN-00828,2025-03-20,CUST-3593,Gadget X,50,298.5,14925.0,West
TXN-00829,2025-07-28,CUST-9338,Subscription,5,255.51,1277.55,South
TXN-00830,2025-09-13,CUST-6698,Service Plan,38,412.02,15656.76,West
TXN-00831,2025-11-10,CUST-2196,Service Plan,5,52.72,263.6,North
TXN-00832,2025-05-11,CUST-3215,Service Plan,43,208.54,8967.22,East
TXN-00833,2025-03-24,CUST-9635,Widget B,11,194.78,2142.58,Central
TXN-00834,2025-01-04,CUST-1521,Service Plan,46,10.64,489.44,Central
TXN-00835,2025-07-27,CUST-9365,Widget B,14,134.85,1887.9,East
TXN-00836,2025-09-20,CUST-8131,Gadget X,3,158.73,476.19,East
TXN-00837,2025-03-10,CUST-5205,Widget B,16,201.42,3222.72,East
TXN-00838,2025-10-05,CUST-5177,Widget B,17,156.5,2660.5,West
TXN-00839,2025-06-13,CUST-2307,Widget A,24,313.13,7515.12,East
TXN-00840,2025-09-18,CUST-7554,Gadget X,27,408.81,11037.87,East
TXN-00841,2025-03-06,CUST-9276,Widget B,25,129.75,3243.75,Central
TXN-00842,2025-02-21,CUST-8695,Gadget X,15,376.24,5643.6,Central
TXN-00843,2025-07-21,CUST-9535,Gadget Y,2,146.25,292.5,East
TXN-00844,2025-02-21,CUST-8581,Subscription,13,193.57,2516.41,South
TXN-00845,2025-05-18,CUST-1402,Gadget X,44,82.81,3643.64,Central
TXN-00846,2025-04-22,CUST-1525,Subscription,14,65.85,921.9,East
TXN-00847,2025-01-21,CUST-3048,Gadget X,29,493.08,14299.32,East
TXN-00848,2025-07-16,CUST-7670,Subscription,37,297.37,11002.69,East
TXN-00849,2025-06-13,CUST-3552,Subscription,40,143.98,5759.2,North
TXN-00850,2025-07-21,CUST-6518,Widget A,14,280.38,3925.32,Central
TXN-00851,2025-12-17,CUST-8184,Service Plan,38,301.87,11471.06,South
TXN-00852,2025-04-27,CUST-7486,Gadget X,18,225.4,4057.2,South
TXN-00853,2025-12-13,CUST-5240,Subscription,44,325.99,14343.56,Central
TXN-00854,2025-07-16,CUST-6021,Service Plan,14,450.05,6300.7,South
TXN-00855,2025-04-09,CUST-1991,Widget B,11,265.11,2916.21,East
TXN-00856,2025-07-02,CUST-2886,Widget B,38,64.98,2469.24,East
TXN-00857,2025-02-07,CUST-5133,Widget A,7,416.5,2915.5,Central
TXN-00858,2025-11-06,CUST-8797,Service Plan,19,341.49,6488.31,North
TXN-00859,2025-08-27,CUST-4377,Widget A,32,63.74,2039.68,East
TXN-00860,2025-04-29,CUST-5448,Gadget X,13,349.68,4545.84,West
TXN-00861,2025-11-06,CUST-3051,Gadget X,38,175.61,6673.18,North
TXN-00862,2025-06-12,CUST-4500,Gadget X,10,384.0,3840.0,South
TXN-00863,2025-05-15,CUST-2854,Widget A,20,276.92,5538.4,South
TXN-00864,2025-04-22,CUST-6114,Widget A,6,145.99,875.94,West
TXN-00865,2025-10-20,CUST-1175,Service Plan,18,84.43,1519.74,Central
TXN-00866,2025-06-08,CUST-7450,Gadget Y,45,62.67,2820.15,West
TXN-00867,2025-03-01,CUST-2576,Subscription,18,237.87,4281.66,South
TXN-00868,2025-03-17,CUST-3595,Widget B,32,347.64,11124.48,North
TXN-00869,2025-12-16,CUST-9447,Widget A,10,10.72,107.2,West
TXN-00870,2025-08-06,CUST-4085,Widget B,10,74.5,745.0,West
TXN-00871,2025-01-13,CUST-7508,Widget A,45,215.21,9684.45,West
TXN-00872,2025-01-18,CUST-7960,Widget B,27,145.94,3940.38,North
TXN-00873,2025-12-02,CUST-3675,Widget B,27,76.14,2055.78,Central
TXN-00874,2025-08-11,CUST-2027,Gadget Y,23,447.44,10291.12,South
TXN-00875,2025-12-06,CUST-5039,Widget B,30,70.61,2118.3,Central
TXN-00876,2025-10-04,CUST-8430,Widget A,24,407.57,9781.68,West
TXN-00877,2025-08-31,CUST-5116,Subscription,47,183.86,8641.42,North
TXN-00878,2025-01-30,CUST-4205,Widget B,41,242.67,9949.47,East
TXN-00879,2025-03-23,CUST-1801,Gadget Y,19,249.4,4738.6,West
TXN-00880,2025-05-01,CUST-7178,Subscription,31,351.03,10881.93,Central
TXN-00881,2025-10-30,CUST-1683,Subscription,9,86.68,780.12,North
TXN-00882,2025-11-26,CUST-6762,Service Plan,32,47.57,1522.24,North
TXN-00883,2025-02-23,CUST-7238,Widget A,2,287.96,575.92,South
TXN-00884,2025-12-02,CUST-1547,Subscription,37,180.28,6670.36,North
TXN-00885,2025-12-23,CUST-9186,Service Plan,19,466.4,8861.6,East
TXN-00886,2025-11-02,CUST-8984,Subscription,34,275.26,9358.84,South
TXN-00887,2025-04-28,CUST-6248,Gadget X,36,302.85,10902.6,West
TXN-00888,2025-11-15,CUST-1555,Widget A,39,495.59,19328.01,North
TXN-00889,2025-09-10,CUST-8576,Widget B,33,232.34,7667.22,Central
TXN-00890,2025-06-07,CUST-5661,Gadget Y,35,220.77,7726.95,West
TXN-00891,2025-10-24,CUST-3992,Gadget X,17,389.86,6627.62,Central
TXN-00892,2025-03-30,CUST-9331,Gadget Y,26,365.94,9514.44,East
TXN-00893,2025-05-26,CUST-2885,Gadget Y,40,142.33,5693.2,Central
TXN-00894,2025-09-04,CUST-1208,Gadget Y,13,22.44,291.72,South
TXN-00895,2025-10-08,CUST-3141,Gadget X,31,295.8,9169.8,South
TXN-00896,2025-05-19,CUST-3540,Widget B,24,224.61,5390.64,West
TXN-00897,2025-06-30,CUST-6480,Service Plan,22,111.37,2450.14,East
TXN-00898,2025-01-24,CUST-4730,Subscription,25,13.36,334.0,North
TXN-00899,2025-07-11,CUST-3815,Gadget Y,35,40.03,1401.05,West
TXN-00900,2025-12-31,CUST-4422,Widget A,47,73.48,3453.56,North
TXN-00901,2025-11-29,CUST-7157,Gadget Y,9,159.07,1431.63,East
TXN-00902,2025-11-22,CUST-7229,Gadget Y,41,117.37,4812.17,West
TXN-00903,2025-09-13,CUST-5828,Subscription,9,79.42,714.78,West
TXN-00904,2025-06-21,CUST-2758,Gadget Y,15,237.61,3564.15,North
TXN-00905,2025-04-01,CUST-1669,Gadget X,28,359.7,10071.6,West
TXN-00906,2025-07-29,CUST-7541,Gadget X,27,321.18,8671.86,West
TXN-00907,2025-10-01,CUST-8719,Gadget X,27,300.69,8118.63,Central
TXN-00908,2025-04-15,CUST-5890,Service Plan,50,187.68,9384.0,Central
TXN-00909,2025-10-15,CUST-5462,Subscription,43,221.95,9543.85,Central
TXN-00910,2025-07-30,CUST-7174,Widget A,10,50.43,504.3,Central
TXN-00911,2025-02-05,CUST-9818,Service Plan,39,206.82,8065.98,South
TXN-00912,2025-11-05,CUST-8010,Service Plan,39,145.75,5684.25,North
TXN-00913,2025-03-30,CUST-7649,Widget A,13,390.87,5081.31,North
TXN-00914,2025-01-01,CUST-8411,Gadget X,41,208.8,8560.8,East
TXN-00915,2025-06-11,CUST-8654,Service Plan,10,482.92,4829.2,East
TXN-00916,2025-08-30,CUST-7136,Widget A,7,87.28,610.96,West
TXN-00917,2025-10-19,CUST-6467,Service Plan,38,282.63,10739.94,East
TXN-00918,2025-06-18,CUST-6043,Gadget Y,34,269.46,9161.64,East
TXN-00919,2025-07-13,CUST-2600,Gadget Y,38,372.19,14143.22,West
TXN-00920,2025-11-01,CUST-8702,Widget A,32,410.24,13127.68,South
TXN-00921,2025-07-14,CUST-7480,Gadget X,14,117.87,1650.18,North
TXN-00922,2025-09-26,CUST-6426,Subscription,41,477.82,19590.62,North
TXN-00923,2025-04-08,CUST-9989,Service Plan,27,214.98,5804.46,West
TXN-00924,2025-02-16,CUST-7894,Widget B,21,40.81,857.01,South
TXN-00925,2025-04-15,CUST-4687,Widget B,9,213.7,1923.3,Central
TXN-00926,2025-08-15,CUST-3852,Gadget Y,28,252.63,7073.64,North
TXN-00927,2025-10-15,CUST-2007,Service Plan,24,343.92,8254.08,North
TXN-00928,2025-06-07,CUST-9759,Subscription,26,451.7,11744.2,East
TXN-00929,2025-03-16,CUST-6489,Widget B,50,78.28,3914.0,Central
TXN-00930,2025-08-10,CUST-1135,Gadget X,43,352.41,15153.63,North
TXN-00931,2025-08-28,CUST-3389,Subscription,31,260.96,8089.76,Central
TXN-00932,2025-12-28,CUST-6248,Subscription,5,71.22,356.1,Central
TXN-00933,2025-09-06,CUST-6994,Gadget X,2,366.39,732.78,West
TXN-00934,2025-05-02,CUST-7171,Widget A,16,215.56,3448.96,South
TXN-00935,2025-09-12,CUST-4344,Gadget X,42,66.57,2795.94,Central
TXN-00936,2025-12-29,CUST-5615,Widget A,38,262.25,9965.5,North
TXN-00937,2025-05-04,CUST-3329,Gadget X,45,68.8,3096.0,Central
TXN-00938,2025-10-28,CUST-2367,Subscription,21,308.07,6469.47,Central
TXN-00939,2025-06-26,CUST-2216,Service Plan,38,463.1,17597.8,West
TXN-00940,2025-11-13,CUST-6448,Service Plan,10,261.38,2613.8,South
TXN-00941,2025-04-05,CUST-7604,Gadget Y,27,411.26,11104.02,East
TXN-00942,2025-07-05,CUST-5308,Service Plan,43,183.62,7895.66,North
TXN-00943,2025-03-03,CUST-9484,Widget B,22,325.96,7171.12,Central
TXN-00944,2025-03-02,CUST-6792,Service Plan,3,223.6,670.8,East
TXN-00945,2025-11-01,CUST-2164,Service Plan,48,400.06,19202.88,East
TXN-00946,2025-02-15,CUST-9717,Subscription,17,109.02,1853.34,West
TXN-00947,2025-11-10,CUST-1611,Subscription,5,38.76,193.8,West
TXN-00948,2025-10-08,CUST-1239,Widget B,16,181.33,2901.28,East
TXN-00949,2025-11-10,CUST-5816,Gadget X,47,279.14,13119.58,West
TXN-00950,2025-05-25,CUST-6963,Gadget Y,15,244.47,3667.05,South
TXN-00951,2025-03-03,CUST-1742,Service Plan,12,467.64,5611.68,West
TXN-00952,2025-11-29,CUST-1137,Gadget Y,17,74.81,1271.77,West
TXN-00953,2025-09-18,CUST-2224,Subscription,32,488.62,15635.84,West
TXN-00954,2025-11-23,CUST-7060,Gadget Y,17,464.32,7893.44,South
TXN-00955,2025-11-17,CUST-1986,Widget A,1,25.95,25.95,Central
TXN-00956,2025-09-17,CUST-4748,Widget A,32,155.55,4977.6,West
TXN-00957,2025-07-29,CUST-1120,Gadget Y,30,454.45,13633.5,Central
TXN-00958,2025-05-05,CUST-8071,Widget B,16,209.11,3345.76,North
TXN-00959,2025-11-02,CUST-5903,Widget A,3,64.61,193.83,East
TXN-00960,2025-07-13,CUST-9663,Gadget X,34,381.47,12969.98,Central
TXN-00961,2025-07-06,CUST-4583,Gadget Y,20,248.98,4979.6,South
TXN-00962,2025-12-10,CUST-3798,Service Plan,25,49.71,1242.75,Central
TXN-00963,2025-02-05,CUST-1459,Gadget X,4,111.79,447.16,North
TXN-00964,2025-01-15,CUST-2700,Subscription,31,125.15,3879.65,East
TXN-00965,2025-02-16,CUST-7503,Widget A,9,175.29,1577.61,West
TXN-00966,2025-12-19,CUST-8067,Service Plan,50,59.31,2965.5,East
TXN-00967,2025-05-07,CUST-5779,Service Plan,47,103.8,4878.6,Central
TXN-00968,2025-01-12,CUST-2429,Gadget X,45,297.57,13390.65,East
TXN-00969,2025-03-05,CUST-8948,Service Plan,10,133.31,1333.1,West
TXN-00970,2025-06-27,CUST-1968,Gadget X,32,386.31,12361.92,West
TXN-00971,2025-10-16,CUST-8643,Gadget Y,35,381.42,13349.7,West
TXN-00972,2025-12-20,CUST-5430,Widget B,23,26.29,604.67,South
TXN-00973,2025-04-04,CUST-9437,Subscription,9,75.23,677.07,West
TXN-00974,2025-12-21,CUST-8238,Gadget X,20,53.84,1076.8,East
TXN-00975,2025-08-30,CUST-5398,Gadget Y,24,298.33,7159.92,Central
TXN-00976,2025-05-26,CUST-7034,Gadget Y,45,476.01,21420.45,North
TXN-00977,2025-07-12,CUST-6024,Widget A,38,377.22,14334.36,West
TXN-00978,2025-04-14,CUST-1236,Gadget X,36,327.88,11803.68,Central
TXN-00979,2025-12-02,CUST-2820,Service Plan,40,112.89,4515.6,West
TXN-00980,2025-02-10,CUST-2078,Subscription,37,142.39,5268.43,West
TXN-00981,2025-05-20,CUST-6936,Gadget Y,41,53.84,2207.44,Central
TXN-00982,2025-06-29,CUST-5482,Service Plan,26,459.8,11954.8,North
TXN-00983,2025-02-28,CUST-1811,Widget B,12,74.59,895.08,West
TXN-00984,2025-04-08,CUST-5548,Widget A,11,28.48,313.28,Central
TXN-00985,2025-09-26,CUST-6838,Gadget X,22,244.92,5388.24,West
TXN-00986,2025-10-26,CUST-1168,Widget B,34,97.56,3317.04,South
TXN-00987,2025-12-18,CUST-2775,Gadget Y,9,147.45,1327.05,West
TXN-00988,2025-10-28,CUST-8560,Gadget X,5,381.71,1908.55,East
TXN-00989,2025-03-12,CUST-5290,Gadget Y,21,373.36,7840.56,North
TXN-00990,2025-03-07,CUST-5071,Subscription,3,441.85,1325.55,North
TXN-00991,2025-04-23,CUST-9288,Service Plan,48,73.86,3545.28,South
TXN-00992,2025-01-02,CUST-4931,Subscription,37,407.44,15075.28,East
TXN-00993,2025-01-10,CUST-4873,Widget B,7,223.58,1565.06,North
TXN-00994,2025-09-27,CUST-4022,Gadget Y,49,231.42,11339.58,Central
TXN-00995,2025-06-28,CUST-9087,Gadget Y,28,368.13,10307.64,North
TXN-00996,2025-12-11,CUST-1466,Service Plan,29,116.34,3373.86,East
TXN-00997,2025-05-07,CUST-3676,Service Plan,2,310.16,620.32,Central
TXN-00998,2025-10-07,CUST-5521,Widget B,3,50.2,150.6,West
TXN-00999,2025-02-15,CUST-1921,Widget A,6,73.61,441.66,South
TXN-01000,2025-09-17,CUST-3721,Subscription,12,346.56,4158.72,Central
